{
    "datatypes": {
        "ISBN": {
            "ancestors": [
                "DataType"
            ],
            "comment": "",
            "comment_plain": "",
            "id": "ISBN",
            "label": "ISBN",
            "properties": [],
            "specific_properties": [],
            "subtypes": [],
            "supertypes": [
                "DataType"
            ],
            "url": "http://www.ecogwiki.com/sp.schema/datatypes/ISBN"
        },
        "LongText": {
            "ancestors": [
                "DataType"
            ],
            "comment": "",
            "comment_plain": "",
            "id": "LongText",
            "label": "Long text",
            "properties": [],
            "specific_properties": [],
            "subtypes": [],
            "supertypes": [
                "DataType"
            ],
            "url": "http://www.ecogwiki.com/sp.schema/datatypes/LongText"
        },
        "EmbeddableURL": {
            "ancestors": [
                "DataType",
                "URL"
            ],
            "comment": "",
            "comment_plain": "",
            "id": "EmbeddableURL",
            "label": "Embeddable URL",
            "properties": [],
            "specific_properties": [],
            "subtypes": [],
            "supertypes": [
                "URL"
            ],
            "url": "http://www.ecogwiki.com/sp.schema/datatypes/EmbeddableURL"
        }
    },
    "properties": {
        "articleBody": {
            "ranges": ["LongText"]
        },
        "author": {
            "reversed_label": "Authored %s"
        },
        "birthDate": {
            "reversed_label": "%s Born"
        },
        "dateModified": {
            "reversed_label": "Published %s (rev)"
        },
        "datePublished": {
            "reversed_label": "Published %s"
        },
        "deathDate": {
            "reversed_label": "%s Died"
        },
        "longDescription": {
            "label": "Long description",
            "ranges": ["LongText"]
        },
        "founder": {
            "reversed_label": "%s Founded"
        },
        "foundingDate": {
            "reversed_label": "%s Founded"
        },
        "image": {
            "ranges": [
                "EmbeddableURL"
            ]
        },
        "isbn": {
            "ranges": [
                "ISBN"
            ]
        },
        "operatingSystem": {
            "reversed_label": "Supported %s"
        },
        "parent": {
            "reversed_label": "Children (%s)"
        },
        "programmingLanguage": {
            "reversed_label": "%s Written"
        },
        "relatedTo": {
            "reversed_label": "Related %s"
        },
        "spouse": {
            "reversed_label": "Spouse (%s)"
        }
    },
    "types": {
        "Thing": {
            "properties": [
                "longDescription"
            ]
        },
        "Person": {
            "plural_label": "People"
        }
    }
}
