{
  "datatypes": {
  },
  "properties": {
   "bioCategory": {
      "label": "Category",
      "enum": [
        "Experiment",
        "Software",
        "Algorithm",
		"Database",
		"Statistics",
		"Biology",
		"Analysis",
		"Business"
      ]
    },
   "dataCategory": {
      "label": "Category",
      "enum": [
        "Programming",
        "Database",
        "Algorithm",
		"Database",
		"Computer science",
		"Big Data",
		"Management",
		"Statistics",
		"Etc"
      ]
    }
  },
  "types": {
    "Bioinformatics": {
      "ancestors": [],
      "comment": "",
      "comment_plain": "",
      "id": "Bioinformatics",
      "label": "Bioinformatics",
      "specific_properties": [
        "bioCategory"
      ],
	  "cardinalities": {
		"bioCategory":[1, 3]
	  },
      "subtypes": [],
      "supertypes": [
		"Thing"
      ],
      "url": "http://incodom.kr"
    },
	"DataScience": {
      "ancestors": [],
      "comment": "",
      "comment_plain": "",
      "id": "DataScience",
      "label": "Data Science",
      "specific_properties": [
        "dataCategory"
      ],
	  "cardinalities": {
		"dataCategory":[1, 3]
	  },
      "subtypes": [],
      "supertypes": [
		"Thing"
      ],
      "url": "http://incodom.kr"
    }
  },
  "ui": {
	"selectableTypes": [
	  "Article",
	  "Bioinformatics",
	  "DataScience"
	]
  }
}
